,id,timestamp,src,dst,proto,sport,dport,length
0,4350,1759840464.812866,10.63.145.185,10.63.145.27,17,54127,53,92
1,4349,1759840464.811987,,,0,51861,443,92
2,4348,1759840464.653385,,,0,51861,443,98
3,4347,1759840464.618687,,,0,443,51861,259
4,4346,1759840464.595951,,,0,443,51861,86
5,4345,1759840464.510133,,,0,51861,443,91
6,4344,1759840464.332402,,,0,51861,443,94
7,4343,1759840464.29845,,,0,51861,443,94
8,4342,1759840464.297857,,,0,51861,443,96
9,4338,1759840464.297017,,,0,443,51209,76
10,4339,1759840464.297017,,,0,443,51861,183
11,4340,1759840464.297017,,,0,443,51861,646
12,4341,1759840464.297017,,,0,443,51861,89
13,4337,1759840464.207173,,,0,51861,443,678
14,4336,1759840464.206741,,,0,51861,443,229
15,4335,1759840464.205654,,,0,443,51861,1292
16,4334,1759840464.184791,,,0,443,51861,1292
17,4333,1759840464.183336,,,0,443,51861,102
18,4332,1759840464.117349,,,0,51861,443,1292
19,4331,1759840464.117115,,,0,51861,443,1292
20,4329,1759840464.11336,10.63.145.27,10.63.145.185,17,53,56204,101
21,4330,1759840464.11336,10.63.145.27,10.63.145.185,17,53,54127,113
22,4328,1759840463.958175,10.63.145.185,10.63.145.27,17,54127,53,85
23,4327,1759840463.957967,10.63.145.185,10.63.145.27,17,56204,53,85
24,4326,1759840463.95761,,,0,51209,443,185
25,4325,1759840461.367858,,,0,51209,443,74
26,4323,1759840461.318514,,,0,443,51209,76
27,4324,1759840461.318514,,,0,443,51209,193
28,4322,1759840460.946169,,,0,51209,443,316
29,4321,1759840460.706955,,,0,443,51209,86
30,4320,1759840460.21248,,,0,51209,443,75
31,4319,1759840456.006977,,,0,443,58438,76
32,4318,1759840456.006856,,,0,58438,443,86
33,4317,1759840456.006825,,,0,443,58438,133
34,4316,1759840455.689872,,,0,58438,443,140
35,4315,1759840455.688951,,,0,58438,443,86
36,4313,1759840455.688827,,,0,443,58438,133
37,4314,1759840455.688827,,,0,443,58438,133
38,4312,1759840453.172795,,,0,49761,443,74
39,4310,1759840453.12675,,,0,443,49761,76
40,4311,1759840453.12675,,,0,443,49761,168
41,4309,1759840452.718257,,,0,49761,443,2222
42,4308,1759840452.718022,,,0,49761,443,187
43,4307,1759840452.410123,,,0,443,61455,86
44,4306,1759840451.926803,,,0,61455,443,75
45,4305,1759840451.692906,,,0,443,49236,128
46,4304,1759840450.638204,,,0,443,63552,74
47,4303,1759840450.611884,10.63.145.185,142.250.193.138,6,64526,443,54
48,4302,1759840450.567194,,,0,63552,443,103
49,4301,1759840450.566718,142.250.193.138,10.63.145.185,6,443,64526,103
50,4300,1759840450.566591,,,0,443,63552,99
51,4299,1759840450.045448,10.63.145.185,10.63.145.255,17,137,137,92
52,4298,1759840449.952286,,,0,443,49761,76
53,4297,1759840449.544593,,,0,0,0,86
54,4296,1759840449.544516,,,0,0,0,86
55,4295,1759840449.286277,10.63.145.185,10.63.145.255,17,137,137,92
56,4294,1759840449.237826,,,0,49761,443,109
57,4292,1759840449.236015,,,0,443,49761,76
58,4293,1759840449.236015,,,0,443,49761,177
59,4291,1759840448.536404,10.63.145.185,10.63.145.255,17,137,137,92
60,4290,1759840448.355701,,,0,49761,443,2222
61,4289,1759840448.355564,,,0,49761,443,187
62,4287,1759840448.135956,,,0,443,49171,88
63,4288,1759840448.135956,,,0,443,49171,89
64,4286,1759840447.948134,,,0,49171,443,91
65,4285,1759840447.705841,,,0,49171,443,91
66,4284,1759840446.9963,,,0,60823,443,86
67,4283,1759840446.996246,,,0,443,60823,101
68,4282,1759840446.989603,,,0,60822,443,74
69,4281,1759840446.989468,,,0,60823,443,74
70,4276,1759840446.989215,,,0,443,60823,1275
71,4277,1759840446.989215,,,0,443,60822,1294
72,4278,1759840446.989215,,,0,443,60822,94
73,4279,1759840446.989215,,,0,443,60823,101
74,4280,1759840446.989215,,,0,443,60822,101
75,4274,1759840446.596168,,,0,443,62576,76
76,4275,1759840446.596168,,,0,443,62576,76
77,4273,1759840446.362146,,,0,62576,443,109
78,4272,1759840446.362033,,,0,62576,443,109
79,4269,1759840446.34746,,,0,443,62576,113
80,4270,1759840446.34746,,,0,443,60822,74
81,4271,1759840446.34746,,,0,443,60823,74
82,4267,1759840446.312523,,,0,443,60822,74
83,4268,1759840446.312523,,,0,443,60823,74
84,4266,1759840446.272604,,,0,60822,443,804
85,4265,1759840446.272415,,,0,60823,443,804
86,4264,1759840446.247656,,,0,60822,443,154
87,4263,1759840446.246439,,,0,60823,443,154
88,4262,1759840446.243076,,,0,60822,443,74
89,4260,1759840446.242973,,,0,443,60822,916
90,4261,1759840446.242973,,,0,443,60823,293
91,4259,1759840446.240792,,,0,60822,443,74
92,4257,1759840446.240636,,,0,443,60823,74
93,4258,1759840446.240636,,,0,443,60822,3734
94,4256,1759840446.23955,,,0,443,60822,74
95,4255,1759840446.210702,,,0,5353,5353,155
96,4254,1759840446.20913,10.63.145.27,224.0.0.251,17,5353,5353,135
97,4253,1759840446.169222,,,0,60822,443,371
98,4252,1759840446.169146,,,0,60823,443,679
99,4251,1759840446.163925,,,0,60823,443,74
100,4250,1759840446.163773,,,0,60822,443,74
101,4248,1759840446.163506,,,0,443,60822,86
102,4249,1759840446.163506,,,0,443,60823,86
103,4247,1759840446.004233,,,0,60406,443,74
104,4246,1759840446.003492,,,0,443,56978,74
105,4245,1759840446.003351,,,0,60823,443,86
106,4244,1759840446.003326,,,0,60822,443,86
107,4242,1759840446.00215,10.63.145.27,10.63.145.185,17,53,54127,347
108,4243,1759840446.00215,10.63.145.27,10.63.145.185,17,53,56204,203
109,4241,1759840445.967556,10.63.145.185,10.63.145.27,17,56204,53,91
110,4240,1759840445.967287,10.63.145.185,10.63.145.27,17,54127,53,91
111,4239,1759840445.965753,,,0,56978,443,74
112,4238,1759840445.965162,,,0,56978,443,98
113,4237,1759840445.960159,,,0,60816,443,74
114,4234,1759840445.960006,,,0,443,60816,137
115,4235,1759840445.960006,,,0,443,60406,376
116,4236,1759840445.960006,,,0,443,60816,158
117,4233,1759840445.345876,,,0,60816,443,86
118,4231,1759840445.345755,,,0,443,60816,432
119,4232,1759840445.345755,,,0,443,60816,432
120,4229,1759840444.827743,,,0,443,60816,74
121,4230,1759840444.827743,,,0,443,60406,74
122,4228,1759840444.786099,10.63.145.185,20.249.115.185,6,64509,443,54
123,4226,1759840444.745082,,,0,60406,443,1190
124,4227,1759840444.745081,,,0,60816,443,739
125,4225,1759840444.742629,,,0,443,60406,454
126,4224,1759840444.734564,20.249.115.185,10.63.145.185,6,443,64509,101
127,4223,1759840444.687147,,,0,443,59966,76
128,4222,1759840444.597699,,,0,443,60406,74
129,4221,1759840444.59431,10.63.145.185,20.249.115.185,6,64509,443,112
130,4220,1759840444.438615,,,0,60406,443,828
131,4219,1759840444.423256,,,0,59966,443,74
132,4218,1759840444.423089,,,0,443,49761,76
133,4217,1759840444.422868,,,0,59966,443,74
134,4214,1759840444.42267,,,0,443,59966,113
135,4215,1759840444.42267,,,0,443,59966,98
136,4216,1759840444.42267,,,0,443,59966,74
137,4213,1759840443.731792,,,0,49761,443,109
138,4210,1759840443.729423,,,0,443,53895,86
139,4211,1759840443.729423,,,0,443,49761,76
140,4212,1759840443.729423,,,0,443,49761,177
141,4209,1759840443.522094,,,0,53895,443,75
142,4208,1759840443.317492,,,0,49761,443,2222
143,4207,1759840443.317229,,,0,49761,443,187
144,4206,1759840443.026132,10.63.145.185,10.63.145.255,17,137,137,92
145,4205,1759840442.272595,10.63.145.185,10.63.145.255,17,137,137,92
146,4204,1759840441.695496,,,0,49236,443,94
147,4203,1759840441.664206,,,0,443,49236,86
148,4202,1759840441.516038,10.63.145.185,10.63.145.255,17,137,137,92
149,4201,1759840441.186132,,,0,443,58438,86
150,4200,1759840441.164285,,,0,49236,443,94
151,4199,1759840441.133395,,,0,443,49236,93
152,4198,1759840441.108022,,,0,58438,443,75
153,4197,1759840439.083391,,,0,443,61972,86
154,4196,1759840439.044662,,,0,61972,443,75
155,4195,1759840438.948961,,,0,49761,443,74
156,4194,1759840438.893859,,,0,0,0,42
157,4191,1759840438.893743,,,0,443,49761,76
158,4192,1759840438.893743,,,0,443,49761,176
159,4193,1759840438.893743,,,0,0,0,42
160,4190,1759840438.475969,,,0,49761,443,2222
161,4189,1759840438.475618,,,0,49761,443,187
162,4188,1759840438.092626,,,0,49419,443,74
163,4187,1759840438.036635,,,0,443,49419,245
164,4186,1759840437.96569,,,0,49419,443,174
165,4185,1759840437.358385,,,0,443,60215,86
166,4184,1759840437.170249,,,0,443,49761,76
167,4183,1759840437.154855,,,0,60215,443,97
168,4180,1759840437.154016,,,0,443,60215,86
169,4181,1759840437.154016,,,0,443,60215,566
170,4182,1759840437.154016,,,0,443,60215,83
171,4179,1759840436.951324,,,0,60215,443,91
172,4178,1759840436.93332,,,0,443,50947,86
173,4177,1759840436.895293,,,0,50947,443,75
174,4176,1759840436.868406,,,0,49761,443,109
175,4175,1759840436.866062,,,0,443,49761,176
176,4174,1759840436.784441,,,0,60215,443,94
177,4173,1759840436.743338,,,0,443,60215,90
178,4172,1759840436.685114,,,0,60215,443,94
179,4171,1759840436.663372,,,0,443,60215,86
180,4170,1759840436.640641,,,0,60215,443,647
181,4169,1759840436.639624,,,0,443,60215,1292
182,4168,1759840436.600823,,,0,53143,443,95
183,4166,1759840436.600241,,,0,443,53143,1288
184,4167,1759840436.600241,,,0,443,53143,85
185,4165,1759840436.590089,,,0,49761,443,74
186,4164,1759840436.574448,,,0,53143,443,94
187,4163,1759840436.555501,,,0,60215,443,1292
188,4162,1759840436.53958,,,0,53143,443,98
189,4161,1759840436.53905,,,0,53143,443,95
190,4152,1759840436.538184,,,0,443,53143,85
191,4153,1759840436.538184,,,0,443,49761,76
192,4154,1759840436.538184,,,0,443,49761,113
193,4155,1759840436.538184,,,0,443,49761,76
194,4156,1759840436.538184,,,0,443,49761,76
195,4157,1759840436.538184,,,0,443,53143,218
196,4158,1759840436.538184,,,0,443,53143,1288
197,4159,1759840436.538184,,,0,443,53143,203
198,4160,1759840436.538184,,,0,443,53143,87
199,4151,1759840436.454443,,,0,53143,443,91
200,4150,1759840436.283662,,,0,53143,443,91
201,4149,1759840436.110759,,,0,53143,443,94
202,4148,1759840436.100004,,,0,49761,443,2222
203,4147,1759840436.099807,,,0,49761,443,113
204,4146,1759840436.099518,,,0,49761,443,187
205,4145,1759840436.081307,,,0,443,53143,182
206,4144,1759840436.035994,,,0,53143,443,93
207,4141,1759840436.035618,,,0,443,53143,115
208,4142,1759840436.035618,,,0,443,53143,85
209,4143,1759840436.035618,,,0,443,53143,84
210,4140,1759840436.034666,,,0,53143,443,93
211,4139,1759840436.034458,,,0,53143,443,140
212,4136,1759840436.033437,,,0,443,53143,1292
213,4137,1759840436.033437,,,0,443,53143,370
214,4138,1759840436.033437,,,0,443,53143,984
215,4134,1759840436.029418,,,0,443,53143,102
216,4135,1759840436.029418,,,0,443,53143,1292
217,4133,1759840435.950314,,,0,53143,443,148
218,4132,1759840435.950251,,,0,53143,443,909
219,4131,1759840435.950147,,,0,53143,443,1292
220,4130,1759840435.950055,,,0,53143,443,1288
221,4129,1759840435.949353,,,0,53143,443,144
222,4128,1759840435.94892,,,0,53143,443,1292
223,4127,1759840435.948759,,,0,53143,443,1292
224,4126,1759840435.460669,,,0,60406,443,74
225,4125,1759840435.411575,,,0,443,60406,101
226,4124,1759840434.899267,,,0,443,49171,88
227,4123,1759840434.76004,,,0,49171,443,91
228,4122,1759840434.424197,,,0,60817,443,74
229,4121,1759840434.42409,,,0,60816,443,74
230,4120,1759840434.378315,,,0,443,60817,1081
231,4119,1759840434.372577,,,0,443,60816,981
232,4118,1759840434.325526,,,0,443,60816,74
233,4117,1759840434.325418,,,0,443,60817,74
234,4116,1759840434.096339,,,0,443,60817,74
235,4115,1759840434.096295,,,0,443,60816,74
236,4114,1759840434.058391,,,0,60817,443,653
237,4113,1759840434.058172,,,0,60816,443,415
238,4112,1759840434.016873,,,0,60817,443,154
239,4111,1759840434.009145,,,0,60816,443,154
240,4110,1759840434.006188,,,0,443,60816,293
241,4109,1759840434.006026,,,0,60817,443,74
242,4106,1759840434.005832,,,0,443,60817,74
243,4107,1759840434.005832,,,0,443,60817,3734
244,4108,1759840434.005832,,,0,443,60817,916
245,4105,1759840433.995282,,,0,443,60816,74
246,4104,1759840433.916836,,,0,60817,443,366
247,4103,1759840433.91595,,,0,60816,443,674
248,4102,1759840433.911811,,,0,60817,443,74
249,4101,1759840433.911712,,,0,443,60817,86
250,4100,1759840433.911554,,,0,60816,443,74
251,4099,1759840433.911374,,,0,443,60816,86
252,4098,1759840433.868498,,,0,443,64574,74
253,4097,1759840433.858749,,,0,443,64574,74
254,4096,1759840433.834917,,,0,60817,443,86
255,4095,1759840433.834882,,,0,60816,443,86
256,4093,1759840433.833067,10.63.145.27,10.63.145.185,17,53,54127,342
257,4094,1759840433.833067,10.63.145.27,10.63.145.185,17,53,56204,198
258,4092,1759840433.820868,,,0,60406,443,74
259,4090,1759840433.788645,10.63.145.185,10.63.145.27,17,54127,53,86
260,4091,1759840433.788645,10.63.145.185,10.63.145.27,17,56204,53,86
261,4089,1759840433.784551,,,0,64574,443,74
262,4088,1759840433.784324,,,0,64574,443,98
263,4087,1759840433.774473,,,0,443,60406,214
264,4086,1759840428.357688,,,0,443,49171,88
265,4085,1759840428.239648,,,0,49171,443,91
266,4084,1759840428.040082,,,0,443,52502,76
267,4083,1759840427.425881,,,0,52502,443,103
268,4082,1759840427.42544,,,0,443,52502,99
269,4081,1759840426.229121,,,0,5353,5353,155
270,4080,1759840426.215848,10.63.145.27,224.0.0.251,17,5353,5353,135
271,4079,1759840425.027355,,,0,443,49171,88
272,4078,1759840424.969603,,,0,443,63552,74
273,4077,1759840424.927529,,,0,49171,443,91
274,4076,1759840424.661769,,,0,63552,443,103
275,4075,1759840424.660736,,,0,443,63552,99
276,4074,1759840424.094219,,,0,49761,443,74
277,4072,1759840424.04648,,,0,443,49761,76
278,4073,1759840424.04648,,,0,443,49761,343
279,4071,1759840423.318302,,,0,443,49171,88
280,4070,1759840423.285721,,,0,49761,443,2222
281,4069,1759840423.285389,,,0,49761,443,187
282,4068,1759840423.111534,,,0,49171,443,91
283,4067,1759840422.304756,,,0,443,49171,88
284,4066,1759840422.092797,,,0,49171,443,91
285,4065,1759840421.690019,,,0,443,49171,88
286,4064,1759840421.509625,,,0,49171,443,91
287,4063,1759840421.288068,,,0,443,49171,88
288,4062,1759840421.233436,,,0,443,49236,88
289,4061,1759840421.185678,,,0,49236,443,93
290,4060,1759840421.185366,,,0,49236,443,93
291,4056,1759840421.184556,,,0,443,49236,365
292,4057,1759840421.184556,,,0,443,49236,123
293,4058,1759840421.184556,,,0,443,49236,83
294,4059,1759840421.184556,,,0,443,49236,144
295,4055,1759840421.178566,,,0,49171,443,91
296,4054,1759840421.169527,,,0,49236,443,223
297,4053,1759840421.053868,,,0,49236,443,1292
298,4051,1759840421.05204,,,0,443,49236,1292
299,4052,1759840421.05204,,,0,443,49236,322
300,4050,1759840421.046347,,,0,443,49236,1292
301,4049,1759840421.042845,,,0,443,49236,102
302,4048,1759840420.98011,,,0,49236,443,1292
303,4047,1759840420.979781,,,0,49236,443,1292
304,4046,1759840420.973515,10.63.145.27,10.63.145.185,17,53,52186,254
305,4043,1759840420.973169,10.63.145.27,10.63.145.185,17,53,53091,333
306,4044,1759840420.973169,10.63.145.27,10.63.145.185,17,53,65137,337
307,4045,1759840420.973169,10.63.145.27,10.63.145.185,17,53,52186,254
308,4042,1759840420.972942,,,0,443,49171,87
309,4041,1759840420.85655,10.63.145.185,10.63.145.27,17,52186,53,72
310,4040,1759840420.855982,10.63.145.185,10.63.145.27,17,65137,53,72
311,4039,1759840420.85532,10.63.145.185,10.63.145.27,17,53091,53,72
312,4038,1759840420.747342,,,0,49171,443,91
313,4037,1759840420.579313,10.63.145.185,142.250.193.138,6,64526,443,54
314,4034,1759840420.534106,,,0,443,49171,87
315,4035,1759840420.534106,142.250.193.138,10.63.145.185,6,443,64526,176
316,4036,1759840420.534106,,,0,443,49761,76
317,4033,1759840420.358119,,,0,49171,443,91
318,4032,1759840420.199667,,,0,0,0,86
319,4031,1759840420.199564,,,0,0,0,86
320,4030,1759840420.156019,,,0,49761,443,109
321,4027,1759840420.153934,,,0,443,49761,76
322,4028,1759840420.153934,,,0,443,49171,87
323,4029,1759840420.153934,,,0,443,49761,180
324,4026,1759840419.977173,,,0,49171,443,91
325,4025,1759840419.792878,,,0,60406,443,74
326,4024,1759840419.769259,,,0,443,49171,87
327,4023,1759840419.76253,,,0,49761,443,2222
328,4022,1759840419.762441,,,0,49761,443,187
329,4021,1759840419.745219,,,0,443,60406,195
330,4020,1759840419.744057,,,0,443,49171,86
331,4019,1759840419.693435,,,0,49171,443,91
332,4018,1759840419.495575,,,0,49171,443,91
333,4017,1759840419.299063,,,0,49171,443,94
334,4016,1759840419.29332,,,0,443,49171,88
335,4015,1759840419.268945,,,0,443,49171,182
336,4014,1759840419.223425,,,0,49171,443,94
337,4013,1759840419.21562,,,0,443,49171,86
338,4012,1759840419.195243,,,0,49171,443,93
339,4011,1759840419.194991,,,0,49171,443,1292
340,4007,1759840419.193673,,,0,443,49171,1292
341,4008,1759840419.193673,,,0,443,49171,360
342,4009,1759840419.193673,,,0,443,49171,994
343,4010,1759840419.193673,,,0,443,49171,154
344,4005,1759840419.190993,,,0,443,49171,102
345,4006,1759840419.190993,,,0,443,49171,1292
346,4004,1759840419.088942,,,0,49171,443,141
347,4003,1759840419.088541,,,0,49171,443,1292
348,4002,1759840419.088419,,,0,49171,443,1292
349,4001,1759840419.027354,,,0,443,60434,135
350,4000,1759840417.587848,,,0,443,60434,87
351,3999,1759840417.558679,,,0,443,60434,86
352,3998,1759840417.502197,,,0,60434,443,91
353,3997,1759840417.106687,,,0,60434,443,91
354,3996,1759840416.415243,,,0,443,62576,76
355,3995,1759840416.40547,,,0,443,62576,76
356,3994,1759840416.371348,,,0,62576,443,109
357,3993,1759840416.371228,,,0,62576,443,109
358,3992,1759840416.365,,,0,443,62576,113
359,3991,1759840415.254236,,,0,51209,443,74
360,3990,1759840415.248909,,,0,443,59966,86
361,3988,1759840415.204592,,,0,443,51209,76
362,3989,1759840415.204592,,,0,443,51209,192
363,3987,1759840415.180295,,,0,63664,443,74
364,3985,1759840415.180224,,,0,443,63664,98
365,3986,1759840415.180224,,,0,443,63664,74
366,3984,1759840415.109233,10.63.145.185,10.63.145.255,17,137,137,92
367,3983,1759840414.98855,,,0,59966,443,75
368,3982,1759840414.941553,,,0,51209,443,316
369,3981,1759840414.830095,,,0,63664,443,74
370,3980,1759840414.829929,,,0,0,0,42
371,3977,1759840414.829831,,,0,443,52502,86
372,3978,1759840414.829831,,,0,443,63664,113
373,3979,1759840414.829831,,,0,0,0,42
374,3976,1759840414.380539,,,0,52502,443,75
375,3975,1759840414.348718,10.63.145.185,10.63.145.255,17,137,137,92
376,3974,1759840413.5949,10.63.145.185,10.63.145.255,17,137,137,92
377,3973,1759840410.892171,,,0,49761,443,74
378,3971,1759840410.846033,,,0,443,49761,76
379,3972,1759840410.846033,,,0,443,49761,172
380,3970,1759840410.348313,,,0,49761,443,2222
381,3969,1759840410.348136,,,0,49761,443,187
382,3968,1759840409.60662,,,0,443,51209,76
383,3967,1759840409.095174,,,0,51209,443,102
384,3966,1759840409.094745,,,0,443,51209,98
385,3965,1759840408.891293,,,0,49761,443,74
386,3962,1759840408.891167,,,0,443,49761,76
387,3963,1759840408.891167,,,0,443,49761,76
388,3964,1759840408.891167,,,0,443,49761,179
389,3959,1759840408.685608,10.63.145.27,10.63.145.185,17,53,54109,224
390,3960,1759840408.685608,10.63.145.27,10.63.145.185,17,53,56734,212
391,3961,1759840408.685608,10.63.145.27,10.63.145.185,17,53,60089,268
392,3958,1759840408.328578,,,0,49761,443,2222
393,3957,1759840408.328463,,,0,49761,443,187
394,3956,1759840408.328008,10.63.145.185,10.63.145.27,17,60089,53,92
395,3955,1759840408.327698,10.63.145.185,10.63.145.27,17,56734,53,92
396,3954,1759840408.327317,10.63.145.185,10.63.145.27,17,54109,53,92
397,3953,1759840408.27226,,,0,443,60215,86
398,3952,1759840408.174561,,,0,60215,443,97
399,3949,1759840408.173722,,,0,443,60215,86
400,3950,1759840408.173722,,,0,443,60215,624
401,3951,1759840408.173722,,,0,443,60215,83
402,3948,1759840407.872295,,,0,60215,443,91
403,3947,1759840407.662483,,,0,443,60215,86
404,3946,1759840407.454937,,,0,60215,443,91
405,3945,1759840407.251938,,,0,443,60215,86
406,3944,1759840407.054353,,,0,60215,443,91
407,3943,1759840406.920515,,,0,443,61455,86
408,3942,1759840406.919387,,,0,443,61455,86
409,3938,1759840406.908141,,,0,443,61455,86
410,3939,1759840406.908141,,,0,443,61455,86
411,3940,1759840406.908141,,,0,443,61455,86
412,3941,1759840406.908141,,,0,443,61455,86
413,3934,1759840406.891504,,,0,443,61455,86
414,3935,1759840406.891504,,,0,443,61455,86
415,3936,1759840406.891504,,,0,443,61455,86
416,3937,1759840406.891504,,,0,443,61455,86
417,3932,1759840406.874991,,,0,443,61455,86
418,3933,1759840406.874991,,,0,443,61455,86
419,3931,1759840406.844011,,,0,443,60215,86
420,3930,1759840406.750179,,,0,60215,443,91
421,3929,1759840406.590333,,,0,61455,443,75
422,3928,1759840406.574596,,,0,60215,443,96
423,3927,1759840406.53599,,,0,60215,443,95
424,3926,1759840406.535591,,,0,443,49761,76
425,3918,1759840406.535336,,,0,443,60215,1292
426,3919,1759840406.535336,,,0,443,60215,1292
427,3920,1759840406.535336,,,0,443,60215,1292
428,3921,1759840406.535336,,,0,443,60215,183
429,3922,1759840406.535336,,,0,443,60215,87
430,3923,1759840406.535336,,,0,443,60215,87
431,3924,1759840406.535336,,,0,443,60215,87
432,3925,1759840406.535336,,,0,443,60215,92
433,3917,1759840406.198945,,,0,49761,443,109
434,3916,1759840406.197634,,,0,443,49761,179
435,3914,1759840406.161172,10.63.145.27,224.0.0.251,17,5353,5353,135
436,3915,1759840406.161172,,,0,5353,5353,155
437,3913,1759840406.14745,,,0,443,60215,86
438,3912,1759840406.14575,,,0,60215,443,405
439,3911,1759840406.145692,,,0,60215,443,499
440,3910,1759840406.145579,,,0,60215,443,1292
441,3909,1759840406.145501,,,0,60215,443,1288
442,3908,1759840406.145033,,,0,60215,443,93
443,3907,1759840406.144873,,,0,60215,443,140
444,3899,1759840406.143656,,,0,443,60215,102
445,3900,1759840406.143656,,,0,443,60215,102
446,3901,1759840406.143656,,,0,443,60215,1292
447,3902,1759840406.143656,,,0,443,60215,1292
448,3903,1759840406.143656,,,0,443,60215,1292
449,3904,1759840406.143656,,,0,443,60215,352
450,3905,1759840406.143656,,,0,443,60215,1002
451,3906,1759840406.143656,,,0,443,60215,109
452,3898,1759840406.138792,,,0,60215,443,1292
453,3897,1759840406.13865,,,0,60215,443,1292
454,3896,1759840405.924332,,,0,49761,443,74
455,3895,1759840405.910327,,,0,443,59154,86
456,3894,1759840405.880267,,,0,443,49761,86
457,3893,1759840405.879259,,,0,443,49761,76
458,3891,1759840405.876405,,,0,443,49761,76
459,3892,1759840405.876405,,,0,443,49761,113
460,3890,1759840405.836778,,,0,60215,443,141
461,3889,1759840405.836489,,,0,60215,443,1292
462,3888,1759840405.836428,,,0,60215,443,1292
463,3887,1759840405.836332,,,0,60215,443,1292
464,3886,1759840405.827631,,,0,59154,443,95
465,3885,1759840405.827558,,,0,443,59154,1288
466,3884,1759840405.82752,,,0,59154,443,97
467,3880,1759840405.827177,,,0,443,59154,1288
468,3881,1759840405.827177,,,0,443,59154,212
469,3882,1759840405.827177,,,0,443,59154,140
470,3883,1759840405.827177,,,0,443,59154,86
471,3879,1759840405.670138,,,0,59154,443,91
472,3878,1759840405.46641,,,0,443,59154,85
473,3877,1759840405.407576,,,0,59154,443,91
474,3876,1759840405.397142,,,0,49761,443,2222
475,3875,1759840405.396905,,,0,49761,443,113
476,3874,1759840405.396635,,,0,49761,443,187
477,3873,1759840405.224533,,,0,59154,443,94
478,3872,1759840405.195374,,,0,443,59154,193
479,3871,1759840405.187317,,,0,443,59154,85
480,3870,1759840405.186414,,,0,443,59154,85
481,3869,1759840405.16819,,,0,59154,443,94
482,3868,1759840405.140904,,,0,59154,443,93
483,3867,1759840405.140575,,,0,59154,443,1292
484,3863,1759840405.138903,,,0,443,59154,1292
485,3864,1759840405.138903,,,0,443,59154,361
486,3865,1759840405.138903,,,0,443,59154,993
487,3866,1759840405.138903,,,0,443,59154,106
488,3862,1759840405.136829,,,0,443,59154,1292
489,3861,1759840405.106637,,,0,443,59154,102
490,3860,1759840404.961424,,,0,59154,443,148
491,3859,1759840404.961261,,,0,59154,443,910
492,3858,1759840404.961005,,,0,59154,443,1292
493,3857,1759840404.960845,,,0,59154,443,1288
494,3856,1759840404.959894,,,0,59154,443,141
495,3855,1759840404.959194,,,0,59154,443,1292
496,3854,1759840404.958969,,,0,59154,443,1292
497,3853,1759840404.635282,10.63.145.185,20.249.115.185,6,64509,443,54
498,3852,1759840404.589093,20.249.115.185,10.63.145.185,6,443,64509,101
499,3851,1759840404.359831,10.63.145.185,20.249.115.185,6,64509,443,112
500,3850,1759840403.191591,10.63.145.185,10.63.145.255,17,137,137,92
501,3849,1759840402.437586,10.63.145.185,10.63.145.255,17,137,137,92
502,3848,1759840401.67508,10.63.145.185,10.63.145.255,17,137,137,92
503,3847,1759840400.186222,,,0,0,0,86
504,3846,1759840400.186165,,,0,0,0,86
505,3845,1759840399.45026,,,0,60406,443,74
506,3844,1759840399.394682,,,0,443,60406,195
507,3843,1759840399.33848,,,0,443,63552,74
508,3842,1759840399.26492,,,0,63552,443,103
509,3841,1759840399.26422,,,0,443,63552,99
510,3840,1759840398.579402,,,0,443,57867,74
511,3839,1759840398.520884,,,0,57867,443,74
512,3838,1759840398.520381,,,0,57867,443,74
513,3837,1759840398.520249,,,0,443,57867,137
514,3836,1759840398.515808,,,0,443,53895,86
515,3835,1759840398.445357,,,0,53895,443,75
516,3834,1759840397.605487,,,0,57867,443,75
517,3833,1759840396.107749,,,0,443,58438,86
518,3832,1759840396.036315,,,0,58438,443,75
519,3831,1759840395.940911,,,0,64540,8883,74
520,3830,1759840395.939839,,,0,443,57866,74
521,3829,1759840395.886567,,,0,57866,443,74
522,3828,1759840395.885913,,,0,57866,443,74
523,3826,1759840395.885727,,,0,443,57866,137
524,3827,1759840395.885727,,,0,8883,64540,105
525,3825,1759840395.630701,,,0,64540,8883,105
526,3824,1759840395.622889,,,0,0,0,42
527,3823,1759840395.622844,,,0,0,0,42
528,3822,1759840395.583984,,,0,443,57866,86
529,3821,1759840395.541753,,,0,57866,443,75
530,3820,1759840394.035222,,,0,61972,443,75
531,3819,1759840391.890379,,,0,443,50947,86
532,3818,1759840391.842567,,,0,50947,443,75
533,3817,1759840391.380838,,,0,443,62946,128
534,3816,1759840390.521738,10.63.145.185,142.250.193.138,6,64526,443,54
535,3815,1759840390.467102,142.250.193.138,10.63.145.185,6,443,64526,150
536,3814,1759840390.203549,,,0,443,60434,86
537,3813,1759840390.170519,,,0,443,49761,76
538,3812,1759840390.100915,,,0,60434,443,91
539,3811,1759840389.743755,,,0,49761,443,109
540,3810,1759840389.741143,,,0,443,49761,177
541,3809,1759840389.070231,,,0,49761,443,74
542,3806,1759840389.024359,,,0,443,49761,76
543,3807,1759840389.024359,,,0,443,49761,76
544,3808,1759840389.024359,,,0,443,49761,113
545,3805,1759840388.660418,,,0,49761,443,2222
546,3804,1759840388.660328,,,0,49761,443,113
547,3803,1759840388.660154,,,0,49761,443,187
548,3802,1759840386.513816,,,0,443,62576,76
549,3801,1759840386.503611,,,0,443,62576,76
550,3800,1759840386.469094,,,0,62576,443,109
551,3799,1759840386.468813,,,0,62576,443,109
552,3798,1759840386.464705,,,0,443,62576,113
553,3797,1759840384.519328,,,0,443,63664,86
554,3796,1759840384.168605,,,0,63664,443,75
555,3795,1759840381.651855,,,0,62946,443,97
556,3794,1759840381.651711,,,0,62946,443,95
557,3792,1759840381.651424,,,0,443,62946,86
558,3793,1759840381.651424,,,0,443,62946,86
559,3791,1759840381.14035,,,0,62946,443,95
560,3790,1759840381.139765,,,0,443,62946,93
561,3789,1759840381.139533,,,0,443,62946,93
562,3788,1759840378.530291,,,0,60406,443,74
563,3787,1759840378.476962,,,0,443,60406,195
564,3786,1759840378.318474,,,0,49419,443,74
565,3785,1759840378.272231,,,0,443,49419,245
566,3784,1759840377.993168,,,0,443,49761,76
567,3783,1759840377.956227,,,0,49419,443,175
568,3782,1759840377.357883,,,0,49761,443,109
569,3780,1759840377.355906,,,0,443,49761,76
570,3781,1759840377.355906,,,0,443,49761,177
571,3779,1759840376.743543,,,0,49761,443,2222
572,3778,1759840376.743262,,,0,49761,443,187
573,3777,1759840375.11956,,,0,443,57117,85
574,3776,1759840375.116701,,,0,57117,443,95
575,3775,1759840375.116129,,,0,443,57117,624
576,3774,1759840375.051515,,,0,57117,443,97
577,3770,1759840375.050604,,,0,443,57117,86
578,3771,1759840375.050604,,,0,443,57117,624
579,3772,1759840375.050604,,,0,443,57117,83
580,3773,1759840375.050604,,,0,443,57117,87
581,3769,1759840374.972524,,,0,57117,443,91
582,3768,1759840374.83551,,,0,57117,443,91
583,3767,1759840374.633274,,,0,57117,443,93
584,3763,1759840374.632565,,,0,443,57117,89
585,3764,1759840374.632565,,,0,443,57117,89
586,3765,1759840374.632565,,,0,443,57117,89
587,3766,1759840374.632565,,,0,443,57117,93
588,3762,1759840374.628785,,,0,443,57117,182
589,3761,1759840374.559587,,,0,443,57117,86
590,3760,1759840374.542207,,,0,57117,443,405
591,3759,1759840374.542024,,,0,57117,443,497
592,3758,1759840374.541697,,,0,57117,443,1292
593,3757,1759840374.541451,,,0,57117,443,1288
594,3756,1759840374.540458,,,0,57117,443,173
595,3755,1759840374.539306,,,0,57117,443,1292
596,3751,1759840374.537591,,,0,443,57117,1292
597,3752,1759840374.537591,,,0,443,57117,983
598,3753,1759840374.537591,,,0,443,57117,371
599,3754,1759840374.537591,,,0,443,57117,128
600,3749,1759840374.5357,,,0,443,57117,1292
601,3750,1759840374.5357,,,0,443,57117,1292
602,3748,1759840374.53385,,,0,443,57117,102
603,3747,1759840374.51804,,,0,443,57117,102
604,3746,1759840374.488668,,,0,443,60053,86
605,3745,1759840374.434582,,,0,57117,443,142
606,3744,1759840374.433757,,,0,57117,443,1292
607,3743,1759840374.433625,,,0,57117,443,1292
608,3742,1759840374.433463,,,0,57117,443,1292
609,3741,1759840374.431669,,,0,60053,443,94
610,3740,1759840374.403549,,,0,60053,443,97
611,3737,1759840374.402675,,,0,443,60053,1292
612,3738,1759840374.402675,,,0,443,60053,211
613,3739,1759840374.402675,,,0,443,60053,143
614,3736,1759840374.381406,,,0,0,0,86
615,3735,1759840374.381325,,,0,0,0,86
616,3734,1759840374.38102,,,0,443,60053,85
617,3733,1759840374.299053,,,0,60053,443,91
618,3732,1759840374.119171,,,0,60053,443,94
619,3731,1759840374.082682,,,0,443,60053,182
620,3730,1759840374.016142,,,0,60053,443,93
621,3729,1759840374.015752,,,0,60053,443,93
622,3728,1759840374.015433,,,0,60053,443,1292
623,3722,1759840374.013808,,,0,443,60053,1292
624,3723,1759840374.013808,,,0,443,60053,370
625,3724,1759840374.013808,,,0,443,60053,984
626,3725,1759840374.013808,,,0,443,60053,115
627,3726,1759840374.013808,,,0,443,60053,86
628,3727,1759840374.013808,,,0,443,60053,89
629,3721,1759840374.011638,,,0,443,60053,1292
630,3720,1759840374.011056,,,0,443,60053,102
631,3719,1759840373.941241,,,0,60053,443,148
632,3718,1759840373.941199,,,0,60053,443,910
633,3717,1759840373.941116,,,0,60053,443,1292
634,3716,1759840373.940988,,,0,60053,443,1288
635,3715,1759840373.940522,,,0,60053,443,141
636,3714,1759840373.940148,,,0,60053,443,1292
637,3713,1759840373.940034,,,0,60053,443,1292
638,3712,1759840373.11879,,,0,443,63552,74
639,3711,1759840373.05136,,,0,63552,443,103
640,3710,1759840373.050134,,,0,443,63552,99
641,3709,1759840372.744055,,,0,443,49761,76
642,3708,1759840372.233945,,,0,49761,443,109
643,3706,1759840372.231801,,,0,443,49761,76
644,3707,1759840372.231801,,,0,443,49761,168
645,3705,1759840371.585299,,,0,49761,443,2222
646,3704,1759840371.584941,,,0,49761,443,192
647,3703,1759840369.977939,,,0,443,59966,76
648,3702,1759840369.368814,,,0,59966,443,109
649,3701,1759840369.365201,,,0,59966,443,74
650,3694,1759840369.365025,,,0,443,59966,109
651,3695,1759840369.365025,,,0,443,59966,507
652,3696,1759840369.365025,,,0,443,59966,105
653,3697,1759840369.365025,,,0,443,59966,76
654,3698,1759840369.365025,,,0,443,59966,109
655,3699,1759840369.365025,,,0,443,59966,507
656,3700,1759840369.365025,,,0,443,59966,105
657,3692,1759840369.364852,,,0,443,64495,74
658,3693,1759840369.364852,,,0,443,52502,76
659,3691,1759840369.053661,,,0,59966,443,864
660,3690,1759840369.053533,,,0,59966,443,163
661,3689,1759840369.05178,,,0,443,59966,444
662,3688,1759840369.047728,,,0,443,51209,86
663,3687,1759840369.026141,,,0,59966,443,862
664,3686,1759840369.026034,,,0,59966,443,163
665,3685,1759840369.024449,,,0,59966,443,74
666,3681,1759840369.024356,,,0,443,59966,76
667,3682,1759840369.024356,,,0,443,59966,76
668,3683,1759840369.024356,,,0,443,59966,113
669,3684,1759840369.024356,,,0,443,59966,444
670,3680,1759840369.005177,,,0,52502,443,86
671,3679,1759840369.00515,,,0,443,52502,99
672,3678,1759840368.954012,,,0,52502,443,103
673,3677,1759840368.95387,,,0,51209,443,86
674,3673,1759840368.953748,,,0,443,51209,192
675,3674,1759840368.953748,,,0,443,51209,86
676,3675,1759840368.953748,,,0,443,52502,99
677,3676,1759840368.953748,,,0,443,51209,192
678,3672,1759840368.797369,,,0,51209,443,316
679,3671,1759840368.776448,,,0,59966,443,168
680,3670,1759840368.756311,,,0,59966,443,113
681,3669,1759840368.756178,,,0,59966,443,168
682,3668,1759840367.804477,,,0,51209,443,316
683,3667,1759840366.938745,,,0,51209,443,316
684,3666,1759840365.06275,,,0,443,49761,86
685,3665,1759840364.622403,,,0,49761,443,109
686,3664,1759840364.399243,10.63.145.185,20.249.115.185,6,64509,443,54
687,3663,1759840364.346732,,,0,443,59966,86
688,3662,1759840364.34656,20.249.115.185,10.63.145.185,6,443,64509,101
689,3661,1759840364.107845,10.63.145.185,20.249.115.185,6,64509,443,112
690,3660,1759840364.032254,,,0,59966,443,75
691,3659,1759840363.77552,,,0,49761,443,109
692,3658,1759840363.773641,,,0,443,49761,177
693,3657,1759840363.734447,,,0,443,49761,76
694,3656,1759840363.731411,,,0,443,49761,76
695,3655,1759840363.406997,,,0,49761,443,2222
696,3654,1759840363.406759,,,0,49761,443,188
697,3653,1759840363.186778,,,0,443,60434,86
698,3652,1759840363.086521,,,0,60434,443,91
699,3651,1759840361.581107,,,0,443,61455,86
700,3650,1759840361.231826,,,0,61455,443,75
701,3649,1759840361.202377,,,0,443,60434,86
702,3648,1759840361.03328,,,0,60434,443,91
703,3647,1759840361.03228,10.63.145.27,10.63.145.185,17,53,64163,90
704,3646,1759840360.994339,10.63.145.185,10.63.145.27,17,64163,53,74
705,3645,1759840360.98168,,,0,443,62946,85
706,3644,1759840360.944092,,,0,62946,443,93
707,3643,1759840360.943674,,,0,62946,443,93
708,3639,1759840360.942813,,,0,443,62946,365
709,3640,1759840360.942813,,,0,443,62946,123
710,3641,1759840360.942813,,,0,443,62946,83
711,3642,1759840360.942813,,,0,443,62946,144
712,3638,1759840360.908509,,,0,62946,443,225
713,3637,1759840360.90806,,,0,62946,443,1292
714,3635,1759840360.904521,,,0,443,62946,1292
715,3636,1759840360.904521,,,0,443,62946,321
716,3634,1759840360.903741,,,0,443,62946,1292
717,3633,1759840360.901714,,,0,443,62946,102
718,3632,1759840360.854693,,,0,62946,443,1292
719,3631,1759840360.854481,,,0,62946,443,1292
720,3630,1759840360.851453,10.63.145.27,10.63.145.185,17,53,62483,254
721,3629,1759840360.843826,10.63.145.27,10.63.145.185,17,53,52419,337
722,3628,1759840360.835386,10.63.145.27,10.63.145.185,17,53,50771,333
723,3627,1759840360.800508,10.63.145.185,10.63.145.27,17,62483,53,72
724,3626,1759840360.800271,10.63.145.185,10.63.145.27,17,52419,53,72
725,3625,1759840360.799976,10.63.145.185,10.63.145.27,17,50771,53,72
726,3624,1759840360.601485,10.63.145.185,142.250.193.138,6,64526,443,54
727,3623,1759840360.558496,142.250.193.138,10.63.145.185,6,443,64526,504
728,3622,1759840360.36148,142.250.193.138,10.63.145.185,6,443,64526,54
729,3621,1759840360.272565,10.63.145.185,142.250.193.138,6,64526,443,418
730,3620,1759840360.250076,10.63.145.185,142.250.193.138,6,64526,443,54
731,3618,1759840360.249938,142.250.193.138,10.63.145.185,6,443,64526,184
732,3619,1759840360.249938,142.250.193.138,10.63.145.185,6,443,64526,81
733,3617,1759840358.611444,,,0,0,0,42
734,3616,1759840358.611417,,,0,0,0,42
735,3615,1759840357.553575,,,0,60406,443,74
736,3614,1759840357.529834,,,0,49761,443,74
737,3613,1759840357.512734,,,0,443,60406,195
738,3611,1759840357.485099,,,0,443,49761,76
739,3612,1759840357.485099,,,0,443,49761,177
740,3610,1759840357.005419,,,0,49761,443,2222
741,3609,1759840357.005207,,,0,49761,443,188
742,3608,1759840356.413771,,,0,443,62576,76
743,3607,1759840356.406316,,,0,443,62576,76
744,3606,1759840356.370414,,,0,62576,443,109
745,3605,1759840356.370096,,,0,62576,443,109
746,3604,1759840356.358741,,,0,443,62576,113
747,3603,1759840355.437011,,,0,443,49761,76
748,3602,1759840354.832445,,,0,49761,443,109
749,3600,1759840354.831014,,,0,443,49761,76
750,3601,1759840354.831014,,,0,443,49761,168
751,3599,1759840354.427084,,,0,49761,443,2197
752,3598,1759840354.426815,,,0,49761,443,192
753,3597,1759840353.516973,10.63.145.185,142.250.193.138,6,64526,443,54
754,3596,1759840353.470082,142.250.193.138,10.63.145.185,6,443,64526,133
755,3595,1759840353.439874,,,0,443,53895,86
756,3594,1759840353.43942,,,0,443,53895,86
757,3593,1759840353.437598,,,0,443,53895,86
758,3592,1759840353.435164,,,0,443,53895,86
759,3591,1759840353.425877,,,0,443,53895,86
760,3590,1759840353.336354,,,0,53895,443,75
761,3589,1759840353.287057,,,0,443,52502,86
762,3587,1759840352.594639,,,0,443,57867,86
763,3588,1759840352.594639,,,0,443,57867,86
764,3584,1759840352.593252,,,0,443,57867,86
765,3585,1759840352.593252,,,0,443,57867,86
766,3586,1759840352.593252,,,0,443,57867,86
767,3583,1759840352.584155,,,0,443,57867,86
768,3582,1759840352.569746,,,0,52502,443,75
769,3581,1759840352.534489,,,0,57867,443,75
770,3579,1759840351.029757,,,0,443,58438,86
771,3580,1759840351.029757,,,0,443,58438,86
772,3577,1759840351.024735,,,0,443,58438,86
773,3578,1759840351.024735,,,0,443,58438,86
774,3576,1759840351.007919,,,0,443,58438,86
775,3574,1759840350.997249,,,0,443,58438,86
776,3575,1759840350.997249,,,0,443,58438,86
777,3573,1759840350.885882,,,0,58438,443,75
778,3572,1759840350.534527,,,0,443,57866,86
779,3571,1759840350.268951,,,0,57866,443,75
780,3570,1759840349.06992,,,0,49761,443,74
781,3565,1759840349.020552,,,0,443,61972,86
782,3566,1759840349.020552,,,0,443,61972,86
783,3567,1759840349.020552,,,0,443,61972,86
784,3568,1759840349.020552,,,0,443,61972,86
785,3569,1759840349.020552,,,0,443,61972,86
786,3558,1759840349.020115,,,0,443,49761,86
787,3559,1759840349.020115,,,0,443,49761,76
788,3560,1759840349.020115,,,0,443,49761,176
789,3561,1759840349.020115,,,0,443,61972,86
790,3562,1759840349.020115,,,0,443,61972,86
791,3563,1759840349.020115,,,0,443,61972,86
792,3564,1759840349.020115,,,0,443,61972,86
793,3557,1759840348.93642,,,0,61972,443,75
794,3556,1759840348.607499,,,0,49761,443,2222
795,3555,1759840348.607215,,,0,49761,443,188
796,3554,1759840347.828811,,,0,443,63552,74
797,3553,1759840347.758235,,,0,63552,443,103
798,3552,1759840347.757095,,,0,443,63552,99
799,3551,1759840346.835777,,,0,443,50947,86
800,3550,1759840346.433049,,,0,443,49761,76
801,3549,1759840346.331336,,,0,50947,443,75
802,3547,1759840346.104188,10.63.145.27,224.0.0.251,17,5353,5353,135
803,3548,1759840346.104188,,,0,5353,5353,155
804,3546,1759840345.916225,,,0,49761,443,109
805,3544,1759840345.914269,,,0,443,49761,76
806,3545,1759840345.914269,,,0,443,49761,176
807,3541,1759840345.404819,10.63.145.27,10.63.145.185,17,53,59834,229
808,3542,1759840345.404819,10.63.145.27,10.63.145.185,17,53,60239,215
809,3543,1759840345.404819,10.63.145.27,10.63.145.185,17,53,58279,272
810,3540,1759840345.300447,,,0,49761,443,2222
811,3539,1759840345.300335,,,0,49761,443,187
812,3538,1759840345.299945,10.63.145.185,10.63.145.27,17,58279,53,92
813,3537,1759840345.299707,10.63.145.185,10.63.145.27,17,60239,53,92
814,3536,1759840345.299403,10.63.145.185,10.63.145.27,17,59834,53,92
815,3535,1759840344.890688,,,0,443,52671,86
816,3534,1759840344.500141,,,0,443,51209,76
817,3533,1759840344.482371,,,0,52671,443,97
818,3531,1759840344.481678,,,0,443,52671,571
819,3532,1759840344.481678,,,0,443,52671,83
820,3530,1759840344.153718,,,0,52671,443,91
821,3529,1759840343.978495,,,0,52671,443,94
822,3528,1759840343.947372,,,0,443,52671,90
823,3527,1759840343.945206,,,0,51209,443,185
824,3526,1759840343.611828,,,0,443,55784,85
825,3525,1759840343.593641,,,0,55784,443,93
826,3524,1759840343.593178,,,0,443,55784,87
827,3523,1759840343.574755,,,0,52671,443,648
828,3522,1759840343.560196,,,0,55784,443,97
829,3518,1759840343.559301,,,0,443,55784,86
830,3519,1759840343.559301,,,0,443,55784,1292
831,3520,1759840343.559301,,,0,443,55784,207
832,3521,1759840343.559301,,,0,443,55784,118
833,3517,1759840343.535272,,,0,55784,443,91
834,3516,1759840343.424091,,,0,55784,443,91
835,3515,1759840343.282064,,,0,55784,443,95
836,3514,1759840343.281766,,,0,443,55784,1292
837,3513,1759840343.249577,,,0,55784,443,94
838,3512,1759840343.209483,,,0,443,55784,182
839,3511,1759840343.14023,,,0,55784,443,93
840,3510,1759840343.139725,,,0,443,55784,90
841,3509,1759840343.12141,,,0,60434,443,101
842,3508,1759840343.121014,,,0,55784,443,93
843,3507,1759840343.120704,,,0,55784,443,1292
844,3506,1759840343.119216,,,0,443,60434,83
845,3497,1759840343.118921,,,0,443,55784,102
846,3498,1759840343.118921,,,0,443,55784,1292
847,3499,1759840343.118921,,,0,443,55784,1292
848,3500,1759840343.118921,,,0,443,55784,1292
849,3501,1759840343.118921,,,0,443,55784,361
850,3502,1759840343.118921,,,0,443,55784,993
851,3503,1759840343.118921,,,0,443,55784,106
852,3504,1759840343.118921,,,0,443,55784,85
853,3505,1759840343.118921,,,0,443,55784,85
854,3496,1759840343.107981,,,0,443,55784,102
855,3495,1759840343.053345,,,0,55784,443,148
856,3494,1759840343.053298,,,0,55784,443,907
857,3493,1759840343.053206,,,0,55784,443,1292
858,3492,1759840343.053118,,,0,55784,443,1288
859,3491,1759840343.052432,,,0,55784,443,143
860,3490,1759840343.052018,,,0,55784,443,1292
861,3489,1759840343.051898,,,0,55784,443,1292
862,3488,1759840343.051705,,,0,55784,443,1292
863,3487,1759840343.048389,,,0,60434,443,99
864,3486,1759840343.048206,,,0,60434,443,97
865,3485,1759840343.047849,,,0,60434,443,95
866,3480,1759840343.047178,,,0,443,60434,98
867,3481,1759840343.047178,,,0,443,60434,85
868,3482,1759840343.047178,,,0,443,60434,85
869,3483,1759840343.047178,,,0,443,60434,95
870,3484,1759840343.047178,10.63.145.27,10.63.145.185,17,53,63569,129
871,3479,1759840342.957434,10.63.145.185,10.63.145.27,17,63569,53,79
872,3478,1759840342.872595,,,0,60434,443,91
873,3477,1759840342.381813,,,0,60434,443,91
874,3476,1759840342.128763,,,0,60434,443,91
875,3475,1759840339.155762,,,0,443,63664,86
876,3474,1759840338.625246,,,0,63664,443,75
877,3473,1759840338.336273,,,0,0,0,42
878,3472,1759840338.336244,,,0,0,0,42
879,3471,1759840337.363134,,,0,60406,443,74
880,3470,1759840337.354407,,,0,443,64495,86
881,3469,1759840337.316006,,,0,64495,443,75
882,3468,1759840337.314285,,,0,443,60406,195
883,3467,1759840336.18602,,,0,443,49761,76
884,3466,1759840335.782923,,,0,49761,443,109
885,3464,1759840335.780826,,,0,443,49761,76
886,3465,1759840335.780826,,,0,443,49761,168
887,3463,1759840335.292922,,,0,49761,443,2222
888,3462,1759840335.292539,,,0,49761,443,187
889,3461,1759840333.244767,,,0,443,62576,76
890,3460,1759840333.200721,,,0,62576,443,109
891,3459,1759840333.194015,,,0,62576,443,74
892,3457,1759840333.193892,,,0,443,62576,172
893,3458,1759840333.193892,,,0,443,62576,119
894,3454,1759840333.151864,,,0,443,62576,76
895,3455,1759840333.151864,,,0,443,62576,76
896,3456,1759840333.151864,,,0,443,62576,113
897,3452,1759840333.151454,10.63.145.27,10.63.145.185,17,53,64163,142
898,3453,1759840333.151454,10.63.145.27,10.63.145.185,17,53,63569,130
899,3451,1759840333.095291,10.63.145.185,10.63.145.27,17,64163,53,77
900,3450,1759840333.095022,10.63.145.185,10.63.145.27,17,63569,53,77
901,3449,1759840333.094821,,,0,62576,443,113
902,3448,1759840333.094473,,,0,62576,443,148
903,3447,1759840332.196311,,,0,56978,443,74
904,3446,1759840332.196185,,,0,443,56978,74
905,3445,1759840332.194137,,,0,0,0,86
906,3444,1759840332.194034,,,0,0,0,86
907,3443,1759840331.272705,,,0,443,54371,128
908,3442,1759840329.529894,140.82.114.21,10.63.145.185,6,443,60872,66
909,3441,1759840328.096277,,,0,443,60873,74
910,3440,1759840327.723542,,,0,60873,443,74
911,3439,1759840327.723166,,,0,60873,443,98
912,3438,1759840327.722073,,,0,60873,443,74
913,3434,1759840327.721897,,,0,443,60873,232
914,3435,1759840327.721897,,,0,443,60873,568
915,3436,1759840327.721897,,,0,443,60873,98
916,3437,1759840327.721897,,,0,443,60873,74
917,3433,1759840327.481428,140.82.114.21,10.63.145.185,6,443,60872,66
918,3432,1759840327.283401,,,0,60873,443,2424
919,3431,1759840327.277679,,,0,60873,443,74
920,3427,1759840327.277429,,,0,443,60873,3914
921,3428,1759840327.277429,,,0,443,60873,330
922,3429,1759840327.277429,,,0,443,60873,1354
923,3430,1759840327.277429,,,0,443,60873,376
924,3426,1759840326.971568,,,0,60873,443,591
925,3425,1759840326.970714,,,0,60873,443,74
926,3424,1759840326.970493,,,0,443,60873,86
927,3423,1759840326.471988,140.82.114.21,10.63.145.185,6,443,60872,66
928,3422,1759840326.424193,,,0,60873,443,86
929,3421,1759840326.172308,10.63.145.185,140.82.114.21,6,60872,443,66
930,3416,1759840326.170169,,,0,5353,5353,155
931,3417,1759840326.170169,10.63.145.27,10.63.145.185,17,53,64163,212
932,3418,1759840326.170169,10.63.145.27,10.63.145.185,17,53,63569,224
933,3419,1759840326.170169,,,0,443,49761,76
934,3420,1759840326.170169,10.63.145.27,10.63.145.185,17,53,63569,230
935,3415,1759840326.168026,10.63.145.27,224.0.0.251,17,5353,5353,135
936,3414,1759840326.053418,10.63.145.185,10.63.145.27,17,63569,53,98
937,3413,1759840326.052415,10.63.145.185,10.63.145.27,17,64163,53,98
938,3412,1759840325.687362,,,0,49761,443,109
939,3411,1759840325.684897,,,0,443,49761,176
940,3410,1759840325.653199,,,0,443,49761,76
941,3409,1759840325.638809,,,0,443,49761,76
942,3408,1759840325.248267,,,0,49761,443,2222
943,3407,1759840325.247958,,,0,49761,443,187
944,3406,1759840324.14859,10.63.145.185,20.249.115.185,6,64509,443,54
945,3405,1759840324.102693,20.249.115.185,10.63.145.185,6,443,64509,101
946,3404,1759840323.879652,10.63.145.185,20.249.115.185,6,64509,443,112
947,3403,1759840323.534895,10.63.145.185,142.250.193.138,6,64526,443,54
948,3402,1759840323.489667,142.250.193.138,10.63.145.185,6,443,64526,102
949,3401,1759840323.131586,,,0,62576,443,74
950,3400,1759840323.078678,,,0,443,62576,105
951,3399,1759840322.688959,,,0,443,63552,86
952,3398,1759840322.617857,,,0,443,63552,74
953,3397,1759840322.596226,,,0,63552,443,103
954,3396,1759840322.158286,,,0,63552,443,103
955,3395,1759840322.15716,,,0,443,63552,99
956,3394,1759840321.449739,,,0,49761,443,74
957,3393,1759840321.410841,,,0,54371,443,97
958,3392,1759840321.410293,,,0,443,54371,86
959,3391,1759840321.407908,,,0,443,49761,177
960,3390,1759840321.383207,,,0,51209,443,74
961,3389,1759840321.340105,,,0,54371,443,97
962,3385,1759840321.339348,,,0,443,54371,93
963,3386,1759840321.339348,,,0,443,51209,76
964,3387,1759840321.339348,,,0,443,51209,192
965,3388,1759840321.339348,,,0,443,49761,76
966,3384,1759840321.036386,,,0,54371,443,95
967,3382,1759840321.035623,,,0,443,54371,93
968,3383,1759840321.035623,,,0,443,54371,93
969,3381,1759840321.005617,,,0,49761,443,2222
970,3380,1759840321.005227,,,0,49761,443,187
971,3379,1759840320.93603,,,0,51209,443,316
972,3378,1759840320.663241,,,0,64540,8883,74
973,3377,1759840320.621036,,,0,8883,64540,105
974,3376,1759840320.418484,,,0,0,0,42
975,3375,1759840320.418444,,,0,0,0,42
976,3374,1759840320.15433,,,0,64540,8883,105
977,3373,1759840319.87488,,,0,443,52671,86
978,3372,1759840319.776219,,,0,52671,443,97
979,3370,1759840319.775896,,,0,443,52671,565
980,3371,1759840319.775896,,,0,443,52671,83
981,3369,1759840319.748031,,,0,49419,443,74
982,3368,1759840319.699552,,,0,443,49419,245
983,3367,1759840319.699379,,,0,443,52671,86
984,3366,1759840319.622651,,,0,49419,443,174
985,3365,1759840319.511748,,,0,52671,443,91
986,3363,1759840319.29539,,,0,443,49761,76
987,3364,1759840319.29539,,,0,443,52671,86
988,3362,1759840319.1845,,,0,52671,443,91
989,3361,1759840319.020876,,,0,443,59966,86
990,3360,1759840319.015815,34.139.124.58,10.63.145.185,6,443,49945,66
991,3359,1759840318.981563,,,0,52671,443,94
992,3358,1759840318.981518,,,0,443,52671,86
993,3357,1759840318.950022,,,0,49761,443,86
994,3355,1759840318.949971,,,0,443,52671,89
995,3356,1759840318.949971,,,0,443,49761,177
996,3354,1759840318.9348,,,0,443,52671,86
997,3353,1759840318.869959,,,0,52671,443,487
998,3352,1759840318.869928,,,0,52671,443,1292
999,3351,1759840318.869854,,,0,52671,443,1288
